176001314;★ Talon Knife | Case Hardened (Minimal Wear)
17674124;Souvenir SG 553 | Fallout Warning (Field-Tested)
2385201;Souvenir PP-Bizon | Urban Dashed (Field-Tested)
2384474;Souvenir Dual Berettas | Colony (Battle-Scarred)
14962938;P250 | Supernova (Minimal Wear)
149865790;M249 | Spectre (Factory New)
29205237;Glock-18 | Catacombs (Minimal Wear)
156113420;R8 Revolver | Reboot (Minimal Wear)
165027672;P90 | Grim (Minimal Wear)
40091997;MP7 | Armor Core (Factory New)
175854273;M4A1-S | Flashback (Minimal Wear)
175917371;Glock-18 | Off World (Factory New)
1321608;M4A4 | Radiation Hazard (Field-Tested)
175966730;UMP-45 | Arctic Wolf (Minimal Wear)
176209451;Galil AR | Dusk Ruins (Factory New)
49419385;P250 | Mint Kimono (Minimal Wear)
176240928;Glock-18 | Clear Polymer (Field-Tested)
176118379;SCAR-20 | Enforcer (Factory New)
175880396;USP-S | Neo-Noir (Factory New)
14963002;P90 | Asiimov (Well-Worn)
175854344;M4A4 | Buzz Kill (Field-Tested)
175854328;M4A4 | Buzz Kill (Factory New)
14953226;M4A1-S | Master Piece (Field-Tested)
40094827;M4A1-S | Hyper Beast (Battle-Scarred)
176096618;AWP | Containment Breach (Field-Tested)
176096393;AK-47 | Rat Rod (Battle-Scarred)
176012649;AK-47 | Safety Net (Minimal Wear)
176000157;★ Navaja Knife | Stained (Minimal Wear)
67125979;★ StatTrak™ Shadow Daggers | Safari Mesh (Battle-Scarred)
67210734;★ StatTrak™ Shadow Daggers | Fade (Factory New)
9871439;★ StatTrak™ M9 Bayonet | Slaughter (Factory New)
139948507;★ StatTrak™ Bowie Knife | Crimson Web (Field-Tested)
156737186;★ Gut Knife | Lore (Battle-Scarred)
175880349;StatTrak™ USP-S | Neo-Noir (Field-Tested)
14971870;StatTrak™ Glock-18 | Water Elemental (Minimal Wear)
156140139;StatTrak™ Glock-18 | Wasteland Rebel (Minimal Wear)
165071886;StatTrak™ AK-47 | Neon Revolution (Minimal Wear)
165121450;StatTrak™ AK-47 | Neon Revolution (Battle-Scarred)
67080179;StatTrak™ AK-47 | Frontside Misty (Battle-Scarred)
17080535;ESL One Cologne 2014 Legends
49399562;AWP | Hyper Beast (Well-Worn)
49365701;AWP | Hyper Beast (Field-Tested)
49359124;AWP | Hyper Beast (Battle-Scarred)
15490368;AWP | Corticera (Minimal Wear)
15492600;AWP | Corticera (Field-Tested)
176185991;M4A4 | Tooth Fairy (Battle-Scarred)
176098522;★ StatTrak™ Survival Knife | Slaughter (Minimal Wear)
176092010;★ StatTrak™ Classic Knife | Blue Steel (Battle-Scarred)
176092081;★ StatTrak™ Classic Knife | Forest DDPAT (Minimal Wear)
176042592;AWP | Atheris (Factory New)
176042530;AK-47 | Uncharted (Factory New)
176012409;MP7 | Fade (Factory New)
176000612;★ Navaja Knife | Safari Mesh (Battle-Scarred)
176000275;★ Navaja Knife | Night Stripe (Field-Tested)
9678628;★ StatTrak™ Huntsman Knife | Stained (Field-Tested)
67090508;★ Shadow Daggers | Safari Mesh (Battle-Scarred)
67096748;★ Shadow Daggers | Boreal Forest (Battle-Scarred)
29598679;★ Gut Knife | Ultraviolet (Well-Worn)
49359079;USP-S | Torque (Minimal Wear)
175880396;USP-S | Neo-Noir (Factory New)
67096748;★ Shadow Daggers | Boreal Forest (Battle-Scarred)
29598679;★ Gut Knife | Ultraviolet (Well-Worn)
49359079;USP-S | Torque (Minimal Wear)
175880396;USP-S | Neo-Noir (Factory New)
175854215;USP-S | Cyrex (Factory New)
3442572;StatTrak™ AK-47 | Blue Laminate (Factory New)
156113511;Glock-18 | Wasteland Rebel (Field-Tested)
14966476;Glock-18 | Night (Factory New)
7180210;AWP | Asiimov (Well-Worn)
7178002;AK-47 | Redline (Field-Tested)
84444501;AK-47 | Point Disarray (Battle-Scarred)
175896286;AK-47 | Orbit Mk01 (Field-Tested)
165034155;AK-47 | Neon Revolution (Minimal Wear)
3441225;AK-47 | Blue Laminate (Minimal Wear)
176118446;M4A1-S | Player Two (Battle-Scarred)
176118433;AK-47 | Phantom Disruptor (Well-Worn)
176047499;★ Navaja Knife | Damascus Steel (Well-Worn)
176043533;M4A4 | The Emperor (Well-Worn)
176024971;AK-47 | Asiimov (Well-Worn)
176024831;StatTrak™ M4A4 | Magnesium (Minimal Wear)
176005628;★ Navaja Knife | Boreal Forest (Well-Worn)
176000083;★ Navaja Knife | Blue Steel (Field-Tested)
29506132;★ StatTrak™ Gut Knife | Marble Fade (Factory New)
29506128;★ M9 Bayonet | Damascus Steel (Well-Worn)
29330491;★ Flip Knife | Ultraviolet (Minimal Wear)
2385758;Souvenir SG 553 | Damascus Steel (Minimal Wear)
149869065;P250 | Asiimov (Battle-Scarred)
14962905;Operation Breakout Weapon Case
40092041;MAC-10 | Neon Rider (Minimal Wear)
15494472;AK-47 | Jaguar (Field-Tested)
139654861;AK-47 | Fuel Injector (Field-Tested)
67061031;AK-47 | Frontside Misty (Well-Worn)
67064066;AK-47 | Frontside Misty (Minimal Wear)
8990303;AK-47 | Emerald Pinstripe (Well-Worn)
49399548;AK-47 | Aquamarine Revenge (Well-Worn)
49399558;AK-47 | Aquamarine Revenge (Minimal Wear)
49399542;AK-47 | Aquamarine Revenge (Field-Tested)
8990303;AK-47 | Emerald Pinstripe (Well-Worn)
